<?xml version="1.0" encoding="UTF-8"?>
<!--This is a Reload version 2.5.5 SCORM 1.2 Content Package document-->
<!--Spawned from the Reload Content Package Generator - http://www.reload.ac.uk-->
<manifest xmlns="http://www.imsproject.org/xsd/imscp_rootv1p1p2" xmlns:imsmd="http://www.imsglobal.org/xsd/imsmd_rootv1p2p1" xmlns:xsi="http://www.w3.org/2001/XMLSchema-instance" xmlns:adlcp="http://www.adlnet.org/xsd/adlcp_rootv1p2" identifier="MANIFEST-BE146C497E12DCC4B10AA320B237E540" xsi:schemaLocation="http://www.imsproject.org/xsd/imscp_rootv1p1p2 imscp_rootv1p1p2.xsd http://www.imsglobal.org/xsd/imsmd_rootv1p2p1 imsmd_rootv1p2p1.xsd http://www.adlnet.org/xsd/adlcp_rootv1p2 adlcp_rootv1p2.xsd">
  <organizations default="ORG-EAADB28106E546C5004427D4AE65040A">
    <organization identifier="ORG-EAADB28106E546C5004427D4AE65040A" structure="hierarchical">
      <title>iOS Basics</title>
      <item identifier="ITEM-837F4C7BF005F7D14BD4BDE8DA922ED7" isvisible="true">
        <title>iOS Basics</title>
        <item identifier="ITEM-E0A18EBC71F17302E497EFF7BF45BF0E" isvisible="true" identifierref="RES-D3DD151F15994FE944421DE8DEC10626">
          <title>Introduction</title>
        </item>
      </item>
      <item identifier="ITEM-0AB4695931CBBF859DF99379C43F01CA" isvisible="true">
        <title>Apps and Features</title>
        <item identifier="ITEM-3252194479F342DBE0678A42D20B73D2" isvisible="true" identifierref="RES-EBF61682D7C687B6E285D216DE839A4B">
          <title>Home Screen</title>
        </item>
        <item identifier="ITEM-56EAA2CD5CB8972D9906AA93919D1B54" isvisible="true" identifierref="RES-008AB562B452394D05E790AE1B1045FF">
          <title>Status Bar</title>
        </item>
        <item identifier="ITEM-57DB39FD2EFF409B28B609F779F891BE" isvisible="true" identifierref="RES-B97FE05F5DE69D1A4359ED8D6A642F38">
          <title>Folders</title>
        </item>
        <item identifier="ITEM-68E15D857962BF7AC2F6A5CF98D1C37B" isvisible="true" identifierref="RES-45C98325F6E1D8FFA289F7DD34EB24B4">
          <title>Searching with Spotlight</title>
        </item>
        <item identifier="ITEM-A9D4B7FEDD9BB59A7957AB612848E4AF" isvisible="true" identifierref="RES-007C95D205940E852B11D9BB8B21068D">
          <title>Control Center</title>
        </item>
        <item identifier="ITEM-4D9A369D838AF4546A0C7C7DC6A4B5AB" isvisible="true" identifierref="RES-A45C0A1D353069E8D6AEB1C171D021A9">
          <title>Built-in Apps and Features</title>
        </item>
        <item identifier="ITEM-615B14D211E365B55F0837B49D1AF611" isvisible="true" identifierref="RES-87B7C97181DD5332224D2D8304DF2378">
          <title>Multitasking</title>
        </item>
        <item identifier="ITEM-8A770CEC4CA0135C9E7976747EE07163" isvisible="true" identifierref="RES-62094DE8035C97FB46459ABB5F8FEE52">
          <title>Notifications</title>
        </item>
        <item identifier="ITEM-DE355ECE3C4A10F0991FEBBF1266D055" isvisible="true" identifierref="RES-834BCCA345EF93DDDFADBFBC6250DD13">
          <title>Siri</title>
        </item>
      </item>
      <item identifier="ITEM-71631DB7F11F7F1276805D9EDAC0E633" isvisible="true">
        <title>Settings</title>
        <item identifier="ITEM-A91582E38D7796BDE610EF73D2AEB475" isvisible="true" identifierref="RES-86D8BC5E547BF5941C4F72FA6E4672EE">
          <title>General Settings</title>
        </item>
        <item identifier="ITEM-A54F16F2791D7DF29BF7956B474ED4E2" isvisible="true" identifierref="RES-AD0E5350B40BFFED55DB6553025BE4A6">
          <title>Language Settings</title>
        </item>
        <item identifier="ITEM-9AA90D83FD4C05F83F415FCF05FA02B5" isvisible="true" identifierref="RES-CAB3055D2D640BC6B846A7776D43EEF5">
          <title>Accessibility</title>
        </item>
      </item>
      <metadata>
        <imsmd:lom>
          <imsmd:general>
            <imsmd:description>
              <imsmd:langstring xml:lang="en">iOS, the operating system of iOS devices, provides the benefits of a full-featured computer operating system. iOS is a UNIX-based system, similar to OS X.</imsmd:langstring>
            </imsmd:description>
          </imsmd:general>
        </imsmd:lom>
      </metadata>
    </organization>
  </organizations>
  <resources>
    <resource identifier="RES-D3DD151F15994FE944421DE8DEC10626" type="webcontent" href="01a_introduction.html" adlcp:scormtype="sco">
      <file href="01a_introduction.html"/>
      <file href="_images/overview_hero.png"/>
      <metadata>
        <imsmd:lom>
          <imsmd:general>
            <imsmd:title>
              <imsmd:langstring xml:lang="en">Introduction</imsmd:langstring>
            </imsmd:title>
          </imsmd:general>
        </imsmd:lom>
      </metadata>
    </resource>
    <resource identifier="RES-EBF61682D7C687B6E285D216DE839A4B" type="webcontent" href="02a_home_screen.html" adlcp:scormtype="sco">
      <file href="02a_home_screen.html"/>
      <file href="_images/home.png"/>
      <metadata>
        <imsmd:lom>
          <imsmd:general>
            <imsmd:title>
              <imsmd:langstring xml:lang="en">Home Screen</imsmd:langstring>
            </imsmd:title>
          </imsmd:general>
        </imsmd:lom>
      </metadata>
    </resource>
    <resource identifier="RES-008AB562B452394D05E790AE1B1045FF" type="webcontent" href="02b_status_bar.html" adlcp:scormtype="sco">
      <file href="02b_status_bar.html"/>
      <file href="_multimedia/jsxml_status_bar_ios_7/screenshots.css"/>
      <file href="_multimedia/jsxml_status_bar_ios_7/screenshots.html"/>
      <file href="_multimedia/jsxml_status_bar_ios_7/screenshots/screenshots.nocache.js"/>
      <metadata>
        <imsmd:lom>
          <imsmd:general>
            <imsmd:title>
              <imsmd:langstring xml:lang="en">Status Bar</imsmd:langstring>
            </imsmd:title>
          </imsmd:general>
        </imsmd:lom>
      </metadata>
    </resource>
    <resource identifier="RES-B97FE05F5DE69D1A4359ED8D6A642F38" type="webcontent" href="02c_folders.html" adlcp:scormtype="sco">
      <file href="02c_folders.html"/>
      <file href="_multimedia/js_folders/1.png"/>
      <file href="_multimedia/js_folders/2.png"/>
      <file href="_multimedia/js_folders/3.png"/>
      <file href="_multimedia/js_folders/4.png"/>
      <file href="_multimedia/js_folders/5.png"/>
      <metadata>
        <imsmd:lom>
          <imsmd:general>
            <imsmd:title>
              <imsmd:langstring xml:lang="en">Folders</imsmd:langstring>
            </imsmd:title>
          </imsmd:general>
        </imsmd:lom>
      </metadata>
    </resource>
    <resource identifier="RES-45C98325F6E1D8FFA289F7DD34EB24B4" type="webcontent" href="02d_searching.html" adlcp:scormtype="sco">
      <file href="02d_searching.html"/>
      <file href="_images/ios6_search.png"/>
      <file href="_images/search.png"/>
      <metadata>
        <imsmd:lom>
          <imsmd:general>
            <imsmd:title>
              <imsmd:langstring xml:lang="en">Searching with Spotlight</imsmd:langstring>
            </imsmd:title>
          </imsmd:general>
        </imsmd:lom>
      </metadata>
    </resource>
    <resource identifier="RES-007C95D205940E852B11D9BB8B21068D" type="webcontent" href="02e_control_center.html" adlcp:scormtype="sco">
      <file href="02e_control_center.html"/>
      <file href="_images/settings_control_center.png"/>
      <file href="_multimedia/jsxml_control_center/screenshots.css"/>
      <file href="_multimedia/jsxml_control_center/screenshots.html"/>
      <file href="_multimedia/jsxml_control_center/screenshots/screenshots.nocache.js"/>
      <metadata>
        <imsmd:lom>
          <imsmd:general>
            <imsmd:title>
              <imsmd:langstring xml:lang="en">Control Center</imsmd:langstring>
            </imsmd:title>
          </imsmd:general>
        </imsmd:lom>
      </metadata>
    </resource>
    <resource identifier="RES-A45C0A1D353069E8D6AEB1C171D021A9" type="webcontent" href="02f_built-in_apps_and_features.html" adlcp:scormtype="sco">
      <file href="02f_built-in_apps_and_features.html"/>
      <file href="_images/airdrop_icon.jpg"/>
      <file href="_images/airplay_icon.png"/>
      <file href="_images/siri_icon.png"/>
      <file href="_multimedia/jsxml_built_in_apps/screenshots.css"/>
      <file href="_multimedia/jsxml_built_in_apps/screenshots.html"/>
      <file href="_multimedia/jsxml_built_in_apps/screenshots/screenshots.nocache.js"/>
      <metadata>
        <imsmd:lom>
          <imsmd:general>
            <imsmd:title>
              <imsmd:langstring xml:lang="en">Built-in Apps and Features</imsmd:langstring>
            </imsmd:title>
          </imsmd:general>
        </imsmd:lom>
      </metadata>
    </resource>
    <resource identifier="RES-87B7C97181DD5332224D2D8304DF2378" type="webcontent" href="02g_multitasking.html" adlcp:scormtype="sco">
      <file href="02g_multitasking.html"/>
      <metadata>
        <imsmd:lom>
          <imsmd:general>
            <imsmd:title>
              <imsmd:langstring xml:lang="en">Multitasking</imsmd:langstring>
            </imsmd:title>
          </imsmd:general>
        </imsmd:lom>
      </metadata>
    </resource>
    <resource identifier="RES-62094DE8035C97FB46459ABB5F8FEE52" type="webcontent" href="02h_notifications.html" adlcp:scormtype="sco">
      <file href="02h_notifications.html"/>
      <file href="_multimedia/jsxml_notifications_settings/screenshots.css"/>
      <file href="_multimedia/jsxml_notifications_settings/screenshots.html"/>
      <file href="_multimedia/jsxml_notifications_settings/screenshots/screenshots.nocache.js"/>
      <metadata>
        <imsmd:lom>
          <imsmd:general>
            <imsmd:title>
              <imsmd:langstring xml:lang="en">Notifications</imsmd:langstring>
            </imsmd:title>
          </imsmd:general>
        </imsmd:lom>
      </metadata>
    </resource>
    <resource identifier="RES-834BCCA345EF93DDDFADBFBC6250DD13" type="webcontent" href="02i_siri.html" adlcp:scormtype="sco">
      <file href="02i_siri.html"/>
      <metadata>
        <imsmd:lom>
          <imsmd:general>
            <imsmd:title>
              <imsmd:langstring xml:lang="en">Siri</imsmd:langstring>
            </imsmd:title>
          </imsmd:general>
        </imsmd:lom>
      </metadata>
    </resource>
    <resource identifier="RES-86D8BC5E547BF5941C4F72FA6E4672EE" type="webcontent" href="03a_general_settings.html" adlcp:scormtype="sco">
      <file href="03a_general_settings.html"/>
      <file href="_multimedia/jsxml_ios7_settings/screenshots.css"/>
      <file href="_multimedia/jsxml_ios7_settings/screenshots.html"/>
      <file href="_multimedia/jsxml_ios7_settings/screenshots/screenshots.nocache.js"/>
      <metadata>
        <imsmd:lom>
          <imsmd:general>
            <imsmd:title>
              <imsmd:langstring xml:lang="en">General Settings</imsmd:langstring>
            </imsmd:title>
          </imsmd:general>
        </imsmd:lom>
      </metadata>
    </resource>
    <resource identifier="RES-AD0E5350B40BFFED55DB6553025BE4A6" type="webcontent" href="03b_language_settings.html" adlcp:scormtype="sco">
      <file href="03b_language_settings.html"/>
      <file href="_images/language_01.png"/>
      <file href="_images/language_02.png"/>
      <file href="_images/language_03.png"/>
      <file href="_images/language_04.png"/>
      <file href="_images/language_05.png"/>
      <file href="_images/language_06.png"/>
      <metadata>
        <imsmd:lom>
          <imsmd:general>
            <imsmd:title>
              <imsmd:langstring xml:lang="en">Language Settings</imsmd:langstring>
            </imsmd:title>
          </imsmd:general>
        </imsmd:lom>
      </metadata>
    </resource>
    <resource identifier="RES-CAB3055D2D640BC6B846A7776D43EEF5" type="webcontent" href="03c_accessibility.html" adlcp:scormtype="sco">
      <file href="03c_accessibility.html"/>
      <file href="_images/accessibility01.png"/>
      <metadata>
        <imsmd:lom>
          <imsmd:general>
            <imsmd:title>
              <imsmd:langstring xml:lang="en">Accessibility</imsmd:langstring>
            </imsmd:title>
          </imsmd:general>
        </imsmd:lom>
      </metadata>
    </resource>
  </resources>
  <metadata>
    <imsmd:lom>
      <imsmd:general>
        <imsmd:title>
          <imsmd:langstring xml:lang="en"/>
        </imsmd:title>
        <imsmd:description>
          <imsmd:langstring xml:lang="en"/>
        </imsmd:description>
      </imsmd:general>
    </imsmd:lom>
    <schema>ADL SCORM</schema>
    <schemaversion>1.2</schemaversion>
  </metadata>
</manifest>
