<?xml version="1.0" encoding="UTF-8"?>
<!--This is a Reload version 2.5.5 SCORM 1.2 Content Package document-->
<!--Spawned from the Reload Content Package Generator - http://www.reload.ac.uk-->
<manifest xmlns="http://www.imsproject.org/xsd/imscp_rootv1p1p2" xmlns:imsmd="http://www.imsglobal.org/xsd/imsmd_v1p2" xmlns:xsi="http://www.w3.org/2001/XMLSchema-instance" xmlns:adlcp="http://www.adlnet.org/xsd/adlcp_rootv1p2" identifier="MANIFEST-25BA227B2C3ABA43E8E87CCEF43A1151" xsi:schemaLocation="http://www.imsproject.org/xsd/imscp_rootv1p1p2 imscp_rootv1p1p2.xsd http://www.imsglobal.org/xsd/imsmd_v1p2 imsmd_v1p2p4.xsd http://www.adlnet.org/xsd/adlcp_rootv1p2 adlcp_rootv1p2.xsd">
  <organizations default="ORG-C8B3683A32E27A57072DADF03060579E">
    <organization identifier="ORG-C8B3683A32E27A57072DADF03060579E" structure="hierarchical">
      <title>Organization</title>
      <item identifier="ITEM-0710261B960EA013AA44034E35E49A16" isvisible="true">
        <title>iLog 10 Interface</title>
        <item identifier="ITEM-E36DF5B2105EAB0228637F1FB13BF9A0" isvisible="true" identifierref="RES-1B5DCA08430BCD11C0F7B9ECB8F311B1">
          <title>Introduction</title>
        </item>
      </item>
      <item identifier="ITEM-AD8D068FE1EA92A1ECA1543DD980EC10" isvisible="true">
        <title>Dashboard</title>
        <item identifier="ITEM-B1D086D288AE951F840149E853943CEB" isvisible="true" identifierref="RES-0EF6D2FE08F3F994A24603BDEBB19682">
          <title>Overview</title>
        </item>
        <item identifier="ITEM-FF36A11F2FA81365D7D6E22F46B9EAA1" isvisible="true" identifierref="RES-55ADA326A75290932B462B70E0C4EF7C">
          <title>Practice</title>
        </item>
      </item>
      <item identifier="ITEM-D3E0D3F7EA3D1B832B1704EEEA43A108" isvisible="true">
        <title>Article Viewer</title>
        <item identifier="ITEM-DB802D1BCFB7729E0FC404C8243607F7" isvisible="true" identifierref="RES-5712329851FCB00E3DB4BDF857D1F88E">
          <title>Overview</title>
        </item>
        <item identifier="ITEM-B39AE67DA07F6BED23A9A1935848D11D" isvisible="true" identifierref="RES-49741B5E96FD13D46702FFD258AAAFA1">
          <title>Practice</title>
        </item>
      </item>
      <item identifier="ITEM-F3893E857E5EBE9088DFC2AE53B8DB2B" isvisible="true">
        <title>Conclusion</title>
        <item identifier="ITEM-E71F93ED58248A17C4FED02B17789510" isvisible="true" identifierref="RES-FE12F6F951015E1C5C25F945C0C0B383">
          <title>Putting It All Together</title>
        </item>
      </item>
      <metadata>
        <imsmd:lom>
          <imsmd:general>
            <imsmd:description>
              <imsmd:langstring xml:lang="en">This module gives Advisors a tour of Dashboard and the knowledge base in iLog 10. This module also gives Advisors opportunities to practice navigating these iLog 10 features.</imsmd:langstring>
            </imsmd:description>
          </imsmd:general>
        </imsmd:lom>
      </metadata>
    </organization>
  </organizations>
  <resources>
    <resource identifier="RES-1B5DCA08430BCD11C0F7B9ECB8F311B1" type="webcontent" href="01_introduction.html" adlcp:scormtype="sco">
      <file href="01_introduction.html"/>
      <file href="_images/ilog_icon.png"/>
      <metadata>
        <imsmd:lom>
          <imsmd:general>
            <imsmd:title>
              <imsmd:langstring xml:lang="en">Organization - Introduction</imsmd:langstring>
            </imsmd:title>
          </imsmd:general>
        </imsmd:lom>
      </metadata>
    </resource>
    <resource identifier="RES-0EF6D2FE08F3F994A24603BDEBB19682" type="webcontent" href="02_dashboard_overview.html" adlcp:scormtype="sco">
      <file href="02_dashboard_overview.html"/>
      <file href="_multimedia/jsxml_dashboard_overview/engine/engine.min.js"/>
      <file href="_multimedia/jsxml_dashboard_overview/engine/jquery/jquery-2.1.3.min.js"/>
      <file href="_multimedia/jsxml_dashboard_overview/interaction.html"/>
      <metadata>
        <imsmd:lom>
          <imsmd:general>
            <imsmd:title>
              <imsmd:langstring xml:lang="en">Organization - Dashboard</imsmd:langstring>
            </imsmd:title>
          </imsmd:general>
        </imsmd:lom>
      </metadata>
    </resource>
    <resource identifier="RES-55ADA326A75290932B462B70E0C4EF7C" type="webcontent" href="03_dashboard_practice.html" adlcp:scormtype="sco">
      <file href="03_dashboard_practice.html"/>
      <file href="_multimedia/jsxml_knowledge_check_dashboard/engine/engine.min.js"/>
      <file href="_multimedia/jsxml_knowledge_check_dashboard/engine/jquery/jquery-2.1.3.min.js"/>
      <file href="_multimedia/jsxml_knowledge_check_dashboard/interaction.html"/>
      <metadata>
        <imsmd:lom>
          <imsmd:general>
            <imsmd:title>
              <imsmd:langstring xml:lang="en">Organization - Dashboard</imsmd:langstring>
            </imsmd:title>
          </imsmd:general>
        </imsmd:lom>
      </metadata>
    </resource>
    <resource identifier="RES-5712329851FCB00E3DB4BDF857D1F88E" type="webcontent" href="04_kbase_overview.html" adlcp:scormtype="sco">
      <file href="04_kbase_overview.html"/>
      <file href="_multimedia/jsxml_kb_overview/engine/engine.min.js"/>
      <file href="_multimedia/jsxml_kb_overview/engine/jquery/jquery-2.1.3.min.js"/>
      <file href="_multimedia/jsxml_kb_overview/interaction.html"/>
      <metadata>
        <imsmd:lom>
          <imsmd:general>
            <imsmd:title>
              <imsmd:langstring xml:lang="en">Organization - Knowledge Base</imsmd:langstring>
            </imsmd:title>
          </imsmd:general>
        </imsmd:lom>
      </metadata>
    </resource>
    <resource identifier="RES-49741B5E96FD13D46702FFD258AAAFA1" type="webcontent" href="05_kbase_practice.html" adlcp:scormtype="sco">
      <file href="05_kbase_practice.html"/>
      <file href="_multimedia/jsxml_knowledge_check_kb/engine/engine.min.js"/>
      <file href="_multimedia/jsxml_knowledge_check_kb/engine/jquery/jquery-2.1.3.min.js"/>
      <file href="_multimedia/jsxml_knowledge_check_kb/interaction.html"/>
      <metadata>
        <imsmd:lom>
          <imsmd:general>
            <imsmd:title>
              <imsmd:langstring xml:lang="en">Organization - Knowledge Base</imsmd:langstring>
            </imsmd:title>
          </imsmd:general>
        </imsmd:lom>
      </metadata>
    </resource>
    <resource identifier="RES-FE12F6F951015E1C5C25F945C0C0B383" type="webcontent" href="06_conclusion.html" adlcp:scormtype="sco">
      <file href="06_conclusion.html"/>
      <file href="_images/ilog_icon.png"/>
      <metadata>
        <imsmd:lom>
          <imsmd:general>
            <imsmd:title>
              <imsmd:langstring xml:lang="en">Organization - Conclusion</imsmd:langstring>
            </imsmd:title>
          </imsmd:general>
        </imsmd:lom>
      </metadata>
    </resource>
  </resources>
  <metadata>
    <imsmd:lom>
      <imsmd:general>
        <imsmd:title>
          <imsmd:langstring xml:lang="en"/>
        </imsmd:title>
        <imsmd:description>
          <imsmd:langstring xml:lang="en"/>
        </imsmd:description>
      </imsmd:general>
    </imsmd:lom>
    <schema>ADL SCORM</schema>
    <schemaversion>1.2</schemaversion>
  </metadata>
</manifest>
